x-axis,y-axis
2011,55.06849315068493
2012,52.10958904109589
2013,48.0
2014,43.06849315068494
2015,45.04109589041096
2016,49.150684931506845
2017,52.10958904109589
2018,55.06849315068493
2019,58.19178082191781
